,Day,Date,workoutActivityType,duration,durationUnit,activeEnergyBurned,basalEnergyBurned,hr_mean,hr_peak
0,Saturday,2020-02-01,Walking,25.68212516109149,min,121.745,61.6432,92.5589,92.5589
1,Friday,2020-08-21,Walking,14.29964059193929,min,74.7307,34.2241,155.0,159.0
2,Friday,2020-09-04,Walking,11.41089394291242,min,73.306,27.4886,147.5,150.0
3,Friday,2020-09-11,Walking,43.08552151521047,min,265.875,105.068,136.0,154.0
4,Tuesday,2020-09-22,Walking,33.8191522816817,min,235.235,82.4981,,
5,Wednesday,2020-10-21,Walking,58.35922898054123,min,271.934,142.382,142.20663302752294,186.0
6,Tuesday,2020-11-03,Walking,16.69548663695653,min,113.531,41.9476,140.1343448275862,168.0
7,Tuesday,2020-11-03,Walking,33.10012272198995,min,139.971,83.3234,115.66856774193549,124.0
8,Sunday,2021-01-31,Walking,18.58062898516655,min,152.447,46.5608,144.2643440860215,168.0
9,Thursday,2021-03-04,Walking,12.93991304834684,min,169.269,32.5008,190.253,193.884
10,Tuesday,2021-03-09,Walking,9.395614198843639,min,174.443,23.6121,183.747,183.747
11,Wednesday,2021-03-10,Walking,36.3511901418368,min,311.39,92.3629,155.4620294117647,169.0
12,Thursday,2021-03-11,Cycling,10.8028894007206,min,171.149,27.108,174.919,174.919
13,Monday,2021-03-15,Cycling,10.67803428371747,min,173.344,26.9369,178.124,178.124
14,Tuesday,2021-03-16,Walking,15.59643248319626,min,268.673,39.5058,176.7785,181.351
15,Wednesday,2021-03-17,Walking,23.48442481557528,min,369.385,59.2679,166.704,179.774
16,Tuesday,2021-03-23,Walking,11.58641088406245,min,214.889,29.2596,178.9715,188.389
17,Thursday,2021-03-25,Walking,12.10710046688716,min,241.341,30.4646,188.2615,188.403
18,Thursday,2021-03-25,Walking,10.21207201679548,min,71.5096,25.5028,154.277,154.277
19,Monday,2021-03-29,Walking,9.634469584623973,min,169.797,23.9932,182.269,182.269
20,Monday,2021-03-29,Walking,25.27313685019811,min,106.911,63.7984,134.47666666666666,161.647
21,Tuesday,2021-03-30,Walking,10.11304923494657,min,202.408,25.4548,182.735,182.735
22,Monday,2021-04-12,Cycling,13.86655434966087,min,216.133,35.0175,164.862,182.273
23,Tuesday,2021-04-13,Cycling,8.08512008190155,min,121.236,20.3268,168.385,168.385
24,Saturday,2021-04-17,Walking,18.04876783291499,min,185.212,45.2841,161.67687878787876,172.0
25,Wednesday,2021-04-21,Walking,9.337612400452295,min,171.1,23.467,183.181,183.181
26,Saturday,2021-04-24,Walking,12.24970048467318,min,142.472,30.8079,140.7165,162.607
27,Monday,2021-04-26,Walking,4.888593751192093,min,99.1893,12.1669,192.09259259259258,198.0
28,Wednesday,2021-04-28,Walking,6.90481751759847,min,115.671,17.314,179.984,179.984
29,Friday,2021-04-30,Walking,11.13045563300451,min,146.171,27.7866,165.785,165.785
30,Tuesday,2021-05-04,Cycling,16.65319265127182,min,270.758,42.1639,176.6455,177.227
31,Friday,2021-05-07,Walking,5.964476033051809,min,19.9505,14.6649,118.795,118.795
32,Friday,2021-06-04,TraditionalStrengthTraining,44.67624575098355,min,514.635,112.567,133.91840000000002,141.576
33,Friday,2021-06-04,Walking,12.33431553443273,min,237.274,31.0539,174.8555,177.046
34,Wednesday,2021-06-09,TraditionalStrengthTraining,34.71122270027796,min,404.597,86.5722,130.40975,135.957
35,Wednesday,2021-06-09,Walking,11.14835161566734,min,233.722,28.0535,180.401,180.401
36,Friday,2021-06-11,TraditionalStrengthTraining,12.61481233239174,min,152.879,31.828,139.983,148.901
37,Friday,2021-06-11,Walking,18.44329513311386,min,313.086,46.6083,166.3345,170.632
38,Saturday,2021-06-12,TraditionalStrengthTraining,53.03530658284823,min,703.592,134.397,145.25242857142857,165.0
39,Wednesday,2021-06-16,TraditionalStrengthTraining,32.64442026615143,min,404.495,82.149,135.40200000000002,146.231
40,Wednesday,2021-06-16,Walking,12.4420723815759,min,255.248,31.3249,179.198,183.227
41,Thursday,2021-06-17,Walking,7.322369982798894,min,28.371,18.157,99.5521,99.5521
42,Thursday,2021-06-17,Walking,14.74059576789538,min,99.5382,37.044,110.985,113.032
43,Friday,2021-06-18,TraditionalStrengthTraining,48.56033435066541,min,601.122,121.401,133.3028,143.528
44,Friday,2021-06-18,Walking,3.198969548940659,min,61.6878,7.95155,180.2972972972973,198.0
45,Wednesday,2021-06-23,TraditionalStrengthTraining,61.30297339955965,min,666.024,152.919,126.66116666666669,138.644
46,Wednesday,2021-06-23,Walking,4.661784183979035,min,93.8183,11.5249,180.05357142857142,191.0
47,Thursday,2021-06-24,TraditionalStrengthTraining,43.60202830036481,min,410.377,109.413,121.78099999999999,133.753
48,Thursday,2021-06-24,Cycling,6.972830432653427,min,100.542,17.5552,148.5385,151.0
49,Thursday,2021-07-01,TraditionalStrengthTraining,72.47829480171204,min,926.95,179.047,136.668,154.15
50,Tuesday,2021-07-06,TraditionalStrengthTraining,45.92295061747233,min,473.508,114.635,126.04700000000003,138.61
51,Tuesday,2021-07-06,Walking,21.13719254930814,min,393.068,53.4451,176.7485,179.637
52,Wednesday,2021-07-07,TraditionalStrengthTraining,56.00597139994304,min,688.795,139.284,138.42716666666666,150.121
53,Wednesday,2021-07-07,Walking,11.97793153325717,min,202.835,29.9973,174.067,178.862
54,Friday,2021-07-09,TraditionalStrengthTraining,65.02864348292351,min,801.857,161.986,138.86933333333332,153.464
55,Monday,2021-07-12,TraditionalStrengthTraining,63.55452173352241,min,724.678,160.954,132.79399999999998,142.279
56,Monday,2021-07-12,Walking,13.36446708242099,min,236.795,33.6764,162.0925,174.31
57,Tuesday,2021-07-13,TraditionalStrengthTraining,61.75471658309301,min,729.732,155.283,133.53716666666665,139.083
58,Tuesday,2021-07-13,Walking,19.01999929944674,min,337.064,48.084,169.035,172.143
59,Tuesday,2021-07-13,Cycling,20.92770766615867,min,314.647,52.8982,150.446,153.125
60,Thursday,2021-07-15,TraditionalStrengthTraining,61.21278575062752,min,630.359,153.671,123.26183333333334,133.208
61,Thursday,2021-07-15,Walking,30.63763966759046,min,586.793,77.5721,174.95033333333333,176.994
62,Friday,2021-07-16,TraditionalStrengthTraining,60.03439161578815,min,708.35,151.584,132.8945,145.606
63,Saturday,2021-07-17,TraditionalStrengthTraining,56.43502691586812,min,668.581,142.898,129.7806666666667,135.908
64,Thursday,2021-07-22,TraditionalStrengthTraining,26.53919588327408,min,386.033,67.4163,150.506,157.061
65,Thursday,2021-07-22,Walking,10.04591518441836,min,178.043,25.057,175.148,175.148
66,Friday,2021-07-23,TraditionalStrengthTraining,46.39662901759148,min,496.258,117.581,128.401,132.896
67,Friday,2021-07-23,Walking,35.30121819972992,min,614.867,89.21,174.26350000000002,178.119
68,Monday,2021-07-26,TraditionalStrengthTraining,50.01391513347626,min,369.546,126.871,108.85620000000002,110.587
69,Monday,2021-07-26,Walking,19.82085748314858,min,360.857,50.0564,168.07150000000001,170.979
70,Monday,2021-07-26,TraditionalStrengthTraining,47.08043506741524,min,655.235,119.465,142.5068,145.113
71,Monday,2021-07-26,Walking,18.45165438453357,min,287.118,46.6492,159.065,159.18
72,Tuesday,2021-07-27,TraditionalStrengthTraining,33.49359481732051,min,286.233,76.1571,120.69800000000001,145.479
73,Tuesday,2021-07-27,Walking,7.912616699934006,min,136.963,18.3648,170.038,170.038
74,Wednesday,2021-07-28,TraditionalStrengthTraining,67.1756263991197,min,623.939,156.324,119.878,135.499
75,Wednesday,2021-07-28,Walking,62.09701949954033,min,1036.23,145.935,164.88271428571426,180.628
76,Thursday,2021-07-29,TraditionalStrengthTraining,36.01094563404719,min,452.469,83.8564,136.1824,144.661
77,Thursday,2021-07-29,Walking,10.43194511731466,min,179.261,24.3123,168.269,168.269
78,Friday,2021-07-30,TraditionalStrengthTraining,45.14776916702588,min,432.848,104.217,124.97080000000001,139.755
79,Saturday,2021-07-31,TraditionalStrengthTraining,60.53348843455315,min,718.698,141.559,131.174,138.091
80,Saturday,2021-07-31,Walking,19.43008365035057,min,318.811,45.5384,167.326,169.333
81,Saturday,2021-07-31,Cycling,10.16282418171565,min,170.322,23.7786,162.143,162.143
82,Sunday,2021-08-01,TraditionalStrengthTraining,54.13294266661008,min,548.455,125.886,125.54733333333336,130.267
83,Sunday,2021-08-01,Walking,17.23956725001335,min,300.873,40.298,159.013,171.126
84,Monday,2021-08-02,Walking,9.04286108414332,min,160.528,21.2082,166.295,166.295
85,Monday,2021-08-02,Walking,10.04391218225161,min,193.459,23.4635,175.947,175.947
86,Monday,2021-08-02,TraditionalStrengthTraining,30.02250095009804,min,414.483,69.316,142.22566666666668,151.284
87,Monday,2021-08-02,Cycling,11.5014963666598,min,176.898,26.9286,151.805,157.777
88,Thursday,2021-08-05,TraditionalStrengthTraining,48.12739863197009,min,432.152,110.908,119.475,127.016
89,Thursday,2021-08-05,Walking,8.250212766726811,min,140.723,19.1588,165.447,165.447
90,Friday,2021-08-06,TraditionalStrengthTraining,43.44741569956144,min,425.974,101.106,124.56380000000001,135.78
91,Friday,2021-08-06,Walking,10.52830531597137,min,188.311,24.5168,175.2125,178.0
92,Saturday,2021-08-07,TraditionalStrengthTraining,39.07440693378449,min,354.401,90.8846,120.32325,125.287
93,Saturday,2021-08-07,Walking,21.6485152343909,min,365.498,50.728,161.45766666666665,171.786
94,Sunday,2021-08-08,TraditionalStrengthTraining,51.30269221663475,min,499.709,119.38,122.52680000000001,133.606
95,Sunday,2021-08-08,Walking,10.28315183321635,min,149.781,24.1028,157.34,157.34
96,Monday,2021-08-09,TraditionalStrengthTraining,47.34064468344052,min,439.373,109.351,121.30460000000001,126.961
97,Monday,2021-08-09,Walking,5.578226798772812,min,102.211,12.8259,166.681,166.681
98,Wednesday,2021-08-11,TraditionalStrengthTraining,34.20020424922307,min,259.671,78.5302,111.50600000000001,118.391
99,Wednesday,2021-08-11,Walking,10.04594328204791,min,161.267,23.3983,157.751,157.751
100,Thursday,2021-08-12,TraditionalStrengthTraining,38.01203809976577,min,373.418,87.97,124.56750000000001,144.641
101,Thursday,2021-08-12,Walking,18.28413883447647,min,297.046,42.7994,162.75799999999998,164.033
102,Friday,2021-08-13,Walking,9.316495766242346,min,77.896,21.6,123.459,123.459
103,Wednesday,2021-08-18,TraditionalStrengthTraining,108.8801500837008,min,1719.99,254.2,160.24409090909091,184.895
104,Thursday,2021-08-19,Walking,12.75446883241336,min,174.808,29.7651,155.015,166.542
105,Thursday,2021-08-19,TraditionalStrengthTraining,59.87452343304952,min,806.894,138.143,143.55916666666667,160.52
106,Thursday,2021-08-19,Rowing,8.137273532152175,min,68.557,19.0166,164.619,164.619
107,Thursday,2021-08-19,Walking,22.50548502206802,min,120.076,52.166,121.9839756097561,132.0
108,Friday,2021-08-20,TraditionalStrengthTraining,57.6419281343619,min,586.59,133.868,125.89050000000002,133.124
109,Monday,2021-08-23,TraditionalStrengthTraining,43.01368210117023,min,439.527,99.2167,126.26700000000001,143.154
110,Monday,2021-08-23,Walking,8.899823500712712,min,154.29,20.462,171.302,171.302
111,Tuesday,2021-08-24,Basketball,45.38962954878807,min,761.052,106.049,164.074,173.819
112,Tuesday,2021-08-24,TraditionalStrengthTraining,40.29089153409004,min,505.373,93.0567,138.44,163.574
113,Tuesday,2021-08-24,Walking,42.89533523321152,min,250.641,100.363,135.78452777777778,155.0
114,Wednesday,2021-08-25,TraditionalStrengthTraining,59.62966459989548,min,570.198,138.745,123.93600000000002,129.294
115,Thursday,2021-08-26,TraditionalStrengthTraining,61.34005166689555,min,575.816,139.772,120.83230000000002,134.199
116,Thursday,2021-08-26,Basketball,18.06902078390122,min,218.636,40.5181,154.975,192.0
117,Friday,2021-08-27,TraditionalStrengthTraining,52.93689424991608,min,582.289,121.358,131.27285714285713,158.468
118,Sunday,2021-08-29,Walking,1.031576466560364,min,10.3207,2.11771,162.71428571428572,174.0
119,Monday,2021-08-30,TraditionalStrengthTraining,68.1678140660127,min,888.248,159.115,138.32728571428575,148.238
120,Monday,2021-08-30,Basketball,25.38093990087509,min,427.076,59.1637,153.29775,173.931
121,Tuesday,2021-08-31,TraditionalStrengthTraining,31.73488306601842,min,329.385,73.293,128.36333333333332,135.325
122,Wednesday,2021-09-01,TraditionalStrengthTraining,44.453140715758,min,613.314,103.632,143.8784,149.917
123,Wednesday,2021-09-01,Walking,12.88900066614151,min,165.332,29.8968,150.788,159.539
124,Thursday,2021-09-02,TraditionalStrengthTraining,53.15364276766777,min,804.741,123.786,151.315,161.628
125,Friday,2021-09-03,TraditionalStrengthTraining,48.91455346544583,min,655.605,114.152,139.3564,143.816
126,Tuesday,2021-09-07,TraditionalStrengthTraining,29.17710349957148,min,230.012,67.387,120.642,134.0
127,Tuesday,2021-09-07,Walking,15.92372128168742,min,277.124,37.0615,171.38350000000003,174.866
128,Tuesday,2021-09-07,TraditionalStrengthTraining,19.75884861548742,min,259.509,45.556,140.83300000000003,143.592
129,Tuesday,2021-09-07,FunctionalStrengthTraining,33.05793208281199,min,307.715,77.5326,125.87925,135.223
130,Wednesday,2021-09-08,TraditionalStrengthTraining,44.17550411820412,min,448.372,103.083,126.31320000000001,131.758
131,Wednesday,2021-09-08,Walking,18.13634191552798,min,129.673,42.1302,120.59700000000001,126.915
132,Thursday,2021-09-09,TraditionalStrengthTraining,32.11807588338852,min,336.424,74.46,127.37275,132.554
133,Thursday,2021-09-09,Walking,19.5541418671608,min,335.413,45.7758,172.086,178.45
134,Thursday,2021-09-09,Walking,9.776234783728917,min,59.505,22.5,121.175,125.35
135,Thursday,2021-09-09,Walking,21.35991724133492,min,146.612,48.6865,126.32991428571427,142.0
136,Friday,2021-09-10,TraditionalStrengthTraining,46.35293758312861,min,433.795,107.277,122.9298,131.122
137,Friday,2021-09-10,Walking,8.219422634442648,min,43.8643,18.829,110.628,111.256
138,Sunday,2021-09-12,TraditionalStrengthTraining,67.01178085009256,min,729.165,155.618,128.286,134.756
139,Sunday,2021-09-12,TraditionalStrengthTraining,50.03271813392639,min,856.343,116.931,167.7558,170.936
140,Monday,2021-09-13,TraditionalStrengthTraining,22.76691956718763,min,177.926,52.9008,117.20400000000001,120.129
141,Monday,2021-09-13,TraditionalStrengthTraining,30.79068809946378,min,377.621,71.7492,136.21066666666664,141.337
142,Monday,2021-09-13,Walking,11.42847305138906,min,194.25,26.6293,171.328,171.656
143,Wednesday,2021-09-15,TraditionalStrengthTraining,32.05067263245583,min,402.405,74.0152,140.4,147.941
144,Thursday,2021-09-16,TraditionalStrengthTraining,46.59713671803475,min,448.475,108.465,123.62760000000003,133.526
145,Thursday,2021-09-16,Walking,2.717891367276509,min,51.4616,5.96474,167.6206896551724,185.0
146,Thursday,2021-09-16,Walking,17.54029093384743,min,71.8536,40.811,108.6928,122.648
147,Friday,2021-09-17,TraditionalStrengthTraining,38.37783780097961,min,307.482,88.305,119.09,132.374
148,Friday,2021-09-17,Walking,14.04649669925372,min,99.9079,32.432,118.756,122.317
149,Saturday,2021-09-18,TraditionalStrengthTraining,23.37337318460147,min,252.764,54.1798,127.415,135.544
150,Saturday,2021-09-18,Walking,14.28683298230171,min,233.391,33.3444,167.555,168.29
151,Sunday,2021-09-19,TraditionalStrengthTraining,63.39061723351479,min,493.324,146.423,116.35266666666666,124.559
152,Sunday,2021-09-19,Walking,20.45652589996656,min,331.658,47.9142,162.8395,164.474
153,Monday,2021-09-20,TraditionalStrengthTraining,52.7806257824103,min,702.276,122.999,142.29883333333336,153.844
154,Monday,2021-09-20,Walking,9.51458490093549,min,150.308,22.1931,157.973,157.973
155,Tuesday,2021-09-21,TraditionalStrengthTraining,75.92587853471439,min,924.684,176.311,136.453,150.446
156,Tuesday,2021-09-21,Walking,21.40817479888598,min,303.617,50.2132,144.47,151.54
157,Wednesday,2021-09-22,TraditionalStrengthTraining,70.63323378364245,min,723.081,164.387,125.79228571428573,134.577
158,Wednesday,2021-09-22,Walking,18.97554660042127,min,265.11,44.1724,145.45600000000002,146.644
159,Wednesday,2021-09-22,Walking,10.70235633254051,min,66.0771,24.6871,113.723,113.723
160,Thursday,2021-09-23,TraditionalStrengthTraining,57.55894128282865,min,662.765,133.091,131.1205,141.068
161,Thursday,2021-09-23,StairClimbing,11.15860216816266,min,205.591,26.1,173.023,173.023
162,Thursday,2021-09-23,Walking,10.58689950108528,min,70.4194,24.8062,126.504,126.504
163,Thursday,2021-09-23,Walking,28.97419834335645,min,196.254,67.2655,131.94228125,144.0
164,Friday,2021-09-24,TraditionalStrengthTraining,55.6142340183258,min,536.379,127.531,121.59616666666666,137.62
165,Saturday,2021-09-25,Basketball,57.06338608463605,min,760.981,132.24,139.11666666666665,148.568
166,Saturday,2021-09-25,TraditionalStrengthTraining,61.00777186751365,min,515.227,142.24,118.42166666666668,126.748
167,Saturday,2021-09-25,Walking,8.344864133993784,min,51.3787,19.5237,124.868,124.868
168,Sunday,2021-09-26,TraditionalStrengthTraining,41.01480083266894,min,448.415,95.2416,125.322,132.983
169,Sunday,2021-09-26,Basketball,50.700794450442,min,680.612,118.7,139.09279999999998,155.982
170,Monday,2021-09-27,TraditionalStrengthTraining,30.06605101625125,min,234.686,68.7578,116.642,120.215
171,Monday,2021-09-27,Walking,7.742523783445359,min,53.2896,17.7331,109.0795,112.0
172,Monday,2021-09-27,TraditionalStrengthTraining,38.12486401597659,min,330.946,88.5961,120.843,130.19
173,Monday,2021-09-27,Walking,8.07438884973526,min,55.1222,18.5385,123.384,123.384
174,Tuesday,2021-09-28,TraditionalStrengthTraining,60.20208278298378,min,669.792,138.112,130.78800000000004,143.716
175,Wednesday,2021-09-29,Walking,30.67247551679611,min,205.486,71.5836,110.65933333333334,118.605
176,Wednesday,2021-09-29,TraditionalStrengthTraining,47.36923999985059,min,430.911,109.752,122.1344,126.919
177,Thursday,2021-09-30,TraditionalStrengthTraining,49.40393983324369,min,534.401,113.965,129.86280000000002,141.27
178,Thursday,2021-09-30,Walking,9.177619232734044,min,57.3519,21.2191,111.939,124.878
179,Thursday,2021-09-30,Walking,35.28859061996142,min,211.266,81.8344,126.27314285714286,146.0
180,Friday,2021-10-01,TraditionalStrengthTraining,56.46624910036723,min,564.134,129.781,125.11216666666667,129.008
181,Friday,2021-10-01,Walking,7.142626883586248,min,42.1248,16.2632,118.27,118.27
182,Sunday,2021-10-03,TraditionalStrengthTraining,61.76417058308919,min,740.23,143.575,133.44657142857145,153.164
183,Sunday,2021-10-03,Walking,17.84749310016632,min,321.919,41.8896,158.58399999999997,172.477
184,Sunday,2021-10-03,Walking,11.28942670027415,min,48.964,26.0,120.5655,124.176
185,Monday,2021-10-04,TraditionalStrengthTraining,59.10000759959221,min,723.933,136.129,135.77516666666668,147.924
186,Monday,2021-10-04,Walking,6.099950349330902,min,110.349,14.083,177.471,177.471
187,Monday,2021-10-04,Walking,8.071099132299423,min,48.0816,18.4548,129.778,129.778
188,Tuesday,2021-10-05,TraditionalStrengthTraining,50.18322583436966,min,526.506,117.991,129.022,142.833
189,Wednesday,2021-10-06,TraditionalStrengthTraining,59.41371505061785,min,805.115,139.623,141.59966666666665,153.119
190,Thursday,2021-10-07,TraditionalStrengthTraining,66.66371581753096,min,729.656,155.365,129.89242857142855,163.008
191,Friday,2021-10-08,TraditionalStrengthTraining,48.83376573324203,min,560.862,113.698,131.38600000000002,141.208
192,Friday,2021-10-08,Walking,13.01765908201535,min,199.1,30.3484,141.393,163.956
193,Saturday,2021-10-09,TraditionalStrengthTraining,42.99562139908473,min,385.783,100.317,118.36240000000001,131.171
194,Saturday,2021-10-09,Walking,9.85015211701393,min,66.7024,22.8776,148.663,148.663
195,Wednesday,2021-10-13,TraditionalStrengthTraining,74.83932570020357,min,1010.87,176.149,144.7655,163.343
196,Thursday,2021-10-14,TraditionalStrengthTraining,72.39775438308716,min,946.186,168.912,140.7495,159.864
197,Thursday,2021-10-14,Walking,9.21725925008456,min,73.2957,21.3516,134.402,134.402
198,Friday,2021-10-15,TraditionalStrengthTraining,57.03049563368162,min,582.691,134.296,127.56816666666664,135.136
199,Saturday,2021-10-16,TraditionalStrengthTraining,38.71936009923617,min,295.997,91.0226,116.497,121.371
200,Sunday,2021-10-17,TraditionalStrengthTraining,34.69110714991887,min,302.381,80.4406,123.30224999999999,132.972
201,Sunday,2021-10-17,Walking,35.55391193429629,min,560.353,83.4142,162.25324999999998,177.437
202,Sunday,2021-10-17,Walking,9.836728882789611,min,88.9265,22.8735,128.189,128.189
203,Monday,2021-10-18,TraditionalStrengthTraining,107.0276552339395,min,1418.52,249.978,140.97245454545455,158.672
204,Tuesday,2021-10-19,TraditionalStrengthTraining,57.91100151538849,min,639.261,135.481,131.15866666666668,157.309
205,Wednesday,2021-10-20,TraditionalStrengthTraining,53.28866516749064,min,564.046,124.74,125.30140000000002,137.812
206,Wednesday,2021-10-20,Walking,31.95931596755981,min,521.303,74.9262,157.95166666666668,159.965
207,Thursday,2021-10-21,TraditionalStrengthTraining,61.13552885055542,min,645.588,143.492,129.9725,163.746
208,Friday,2021-10-22,Walking,22.92668185035388,min,383.587,53.7537,167.14966666666666,181.116
209,Friday,2021-10-22,TraditionalStrengthTraining,44.64022353291512,min,593.537,104.443,139.8686,145.431
210,Saturday,2021-10-23,TraditionalStrengthTraining,37.16229544878006,min,299.758,85.914,117.3054,124.0
211,Saturday,2021-10-23,Walking,34.96428778370221,min,582.739,81.9,160.49675,165.372
212,Sunday,2021-10-24,Walking,31.47269576787949,min,546.62,73.8184,164.1306,174.168
213,Sunday,2021-10-24,TraditionalStrengthTraining,57.89420114954313,min,807.194,135.925,143.21766666666667,146.468
214,Monday,2021-10-25,Walking,24.28812181750933,min,415.021,56.901,165.28533333333334,167.383
215,Monday,2021-10-25,TraditionalStrengthTraining,41.81550833185513,min,587.422,97.3445,142.8502,147.177
216,Monday,2021-10-25,Walking,26.70619261662165,min,446.415,62.5682,169.37733333333333,171.049
217,Tuesday,2021-10-26,TraditionalStrengthTraining,47.76404090126356,min,490.865,108.472,125.8192,133.503
218,Tuesday,2021-10-26,Walking,26.68627596696218,min,442.88,61.9209,154.149,162.984
219,Wednesday,2021-10-27,TraditionalStrengthTraining,59.79617150028547,min,782.287,136.952,140.24433333333334,158.101
220,Wednesday,2021-10-27,Walking,25.01098985075951,min,394.782,58.0402,155.47866666666667,158.042
221,Thursday,2021-10-28,TraditionalStrengthTraining,38.76136140028635,min,372.403,89.0637,120.35025,128.652
222,Thursday,2021-10-28,Walking,5.771976083517075,min,34.9779,13.0659,108.1445,110.289
223,Thursday,2021-10-28,Walking,13.57622386813164,min,122.781,31.1744,123.052,129.068
224,Thursday,2021-10-28,Walking,13.7044155160586,min,79.5,31.284,109.08333333333333,111.132
225,Friday,2021-10-29,TraditionalStrengthTraining,43.2657819668452,min,516.387,98.6715,133.3418,136.552
226,Friday,2021-10-29,Walking,29.08750999967257,min,465.609,67.586,159.28966666666668,161.549
227,Saturday,2021-10-30,TraditionalStrengthTraining,93.01486271619797,min,1136.73,213.97,138.17277777777778,160.197
228,Sunday,2021-10-31,TraditionalStrengthTraining,41.71771653294563,min,526.483,95.3769,137.29800000000003,151.188
229,Sunday,2021-10-31,Walking,20.81802658438682,min,335.51,48.1823,160.4005,161.399
230,Wednesday,2021-11-03,TraditionalStrengthTraining,43.25371650060018,min,590.949,98.225,138.59366666666665,153.717
231,Wednesday,2021-11-03,TraditionalStrengthTraining,31.82189486821493,min,484.175,72.891,149.0915,163.861
232,Thursday,2021-11-04,TraditionalStrengthTraining,47.64625543355942,min,581.372,109.682,136.126,156.132
233,Thursday,2021-11-04,Walking,15.91538071632385,min,291.164,36.9437,173.429,177.267
234,Friday,2021-11-05,TraditionalStrengthTraining,44.31675776640574,min,489.471,101.595,130.96620000000001,135.341
235,Friday,2021-11-05,Walking,7.975314265489578,min,137.294,18.2914,165.628,165.628
236,Sunday,2021-11-07,TraditionalStrengthTraining,62.57454651594162,min,616.525,143.062,125.2395,144.61
237,Sunday,2021-11-07,Walking,17.97278371651968,min,310.927,41.5987,165.1275,167.795
238,Monday,2021-11-08,TraditionalStrengthTraining,30.36518941521645,min,338.087,69.6561,131.62466666666668,137.277
239,Monday,2021-11-08,Walking,60.17164241671562,min,981.892,139.811,160.77433333333337,171.546
240,Tuesday,2021-11-09,TraditionalStrengthTraining,53.28495691816012,min,594.956,122.293,130.56883333333334,140.788
241,Tuesday,2021-11-09,Walking,21.67795820037524,min,339.086,50.1761,156.29466666666667,167.727
242,Wednesday,2021-11-10,TraditionalStrengthTraining,72.05204659899076,min,866.145,165.715,133.3715714285714,142.046
243,Wednesday,2021-11-10,Walking,62.57788176735242,min,1010.5,145.546,162.58614285714287,175.722
244,Thursday,2021-11-11,TraditionalStrengthTraining,38.88624268372853,min,447.367,89.6706,132.2655,137.197
245,Friday,2021-11-12,TraditionalStrengthTraining,50.4230484008789,min,609.358,116.016,135.4198,145.709
246,Friday,2021-11-12,Walking,32.87251956661542,min,250.739,76.0858,128.58575,152.567
247,Saturday,2021-11-13,TraditionalStrengthTraining,43.37381773392359,min,384.899,97.9749,121.11874999999999,127.836
248,Monday,2021-11-15,TraditionalStrengthTraining,36.76040346622467,min,493.049,84.7386,139.04625000000001,142.996
249,Monday,2021-11-15,Walking,4.759059433142344,min,79.3247,10.8386,166.39655172413794,186.0
250,Monday,2021-11-15,Walking,9.04600334962209,min,99.5935,20.5095,161.849,161.849
251,Monday,2021-11-15,Walking,10.06481248339017,min,86.968,23.1609,135.452,135.452
252,Tuesday,2021-11-16,TraditionalStrengthTraining,47.1431401014328,min,685.94,108.002,145.3684,154.672
253,Tuesday,2021-11-16,Walking,14.44932121634483,min,249.793,33.344,163.66449999999998,166.17
254,Wednesday,2021-11-17,TraditionalStrengthTraining,63.97231058478356,min,675.436,146.702,127.52133333333332,131.76
255,Wednesday,2021-11-17,Walking,30.06663568417231,min,515.186,69.8708,161.67366666666666,168.774
256,Thursday,2021-11-18,TraditionalStrengthTraining,32.70358223319054,min,375.974,75.1979,134.17475000000002,143.448
257,Sunday,2021-11-21,TraditionalStrengthTraining,69.4967739323775,min,636.365,159.01,121.68228571428571,142.496
258,Sunday,2021-11-21,Walking,18.33867706656456,min,320.808,42.4317,154.51699999999997,164.795
259,Monday,2021-11-22,TraditionalStrengthTraining,66.71566298206648,min,815.18,154.468,137.29714285714286,162.737
260,Monday,2021-11-22,Basketball,38.65494936704636,min,722.331,89.591,176.55975,191.754
261,Tuesday,2021-11-23,TraditionalStrengthTraining,38.88023808399836,min,467.745,88.9292,137.6612,149.821
262,Friday,2021-11-26,TraditionalStrengthTraining,70.71866218249004,min,1073.55,163.694,151.58928571428572,158.541
263,Sunday,2021-11-28,TraditionalStrengthTraining,56.83102929989497,min,677.074,130.752,136.2698333333333,150.214
264,Sunday,2021-11-28,Walking,21.58458401560783,min,368.698,49.8069,166.7495,167.418
265,Monday,2021-11-29,TraditionalStrengthTraining,46.96751208305359,min,658.258,107.305,145.12820000000002,149.977
266,Monday,2021-11-29,Walking,12.53008694847425,min,221.966,28.9102,168.0195,169.475
267,Tuesday,2021-11-30,TraditionalStrengthTraining,42.21496573289235,min,649.212,97.2313,153.713,162.112
268,Tuesday,2021-11-30,Walking,2.070503117640813,min,21.4457,4.35713,153.04,169.0
269,Wednesday,2021-12-01,TraditionalStrengthTraining,30.99618108272552,min,391.201,71.5494,140.13899999999998,145.57
270,Wednesday,2021-12-01,Walking,8.66965115070343,min,118.814,19.9805,167.991,167.991
271,Wednesday,2021-12-01,TraditionalStrengthTraining,12.7045153995355,min,213.629,29.3717,164.2115,165.321
272,Wednesday,2021-12-01,Walking,9.638084967931112,min,169.577,22.2373,171.897,171.897
273,Thursday,2021-12-02,TraditionalStrengthTraining,41.03613686561584,min,495.663,94.496,136.1585,146.675
274,Thursday,2021-12-02,Cycling,8.11162543296814,min,149.894,18.7018,177.248,177.248
275,Friday,2021-12-03,TraditionalStrengthTraining,48.98197535077731,min,611.878,112.952,137.4538,147.584
276,Friday,2021-12-03,Cycling,15.02350628177325,min,241.471,34.8491,158.647,159.145
277,Sunday,2021-12-05,TraditionalStrengthTraining,63.51663348476092,min,781.761,144.07,136.82185714285714,146.395
278,Sunday,2021-12-05,Cycling,2.704386615753174,min,36.2725,6.01643,146.875,158.0
279,Monday,2021-12-06,TraditionalStrengthTraining,63.15391561587651,min,804.762,144.944,140.63500000000002,150.504
280,Tuesday,2021-12-07,TraditionalStrengthTraining,68.51656431555747,min,842.89,157.497,136.688,148.084
281,Wednesday,2021-12-08,TraditionalStrengthTraining,78.45652591784796,min,1102.94,180.019,151.181,169.0
282,Thursday,2021-12-09,TraditionalStrengthTraining,52.31576661666234,min,749.705,119.012,147.6778,151.188
283,Thursday,2021-12-09,Cycling,8.619118134180704,min,145.532,20.004,164.499,164.499
284,Friday,2021-12-10,TraditionalStrengthTraining,64.76784833272298,min,784.675,149.425,141.686875,170.654
285,Saturday,2021-12-11,TraditionalStrengthTraining,61.82038609981537,min,655.261,141.799,127.2725,138.933
286,Monday,2021-12-13,FunctionalStrengthTraining,55.72247618238131,min,89.19,129.59,60.151314285714285,68.2986
287,Monday,2021-12-13,TraditionalStrengthTraining,52.68043698271116,min,640.198,121.421,135.34679999999997,143.506
288,Monday,2021-12-13,Walking,14.68404716650645,min,262.179,33.9213,178.424,185.704
289,Tuesday,2021-12-14,TraditionalStrengthTraining,42.65618068377177,min,456.189,96.2973,129.279,137.069
290,Tuesday,2021-12-14,Walking,10.18674280047417,min,198.036,23.6462,177.495,177.495
291,Wednesday,2021-12-15,TraditionalStrengthTraining,35.11254111528397,min,427.524,80.8635,135.04825,142.653
292,Wednesday,2021-12-15,Walking,18.42924094994863,min,309.72,42.348,166.143,175.309
293,Thursday,2021-12-16,TraditionalStrengthTraining,44.82732443213463,min,590.365,103.631,138.57600000000002,143.419
294,Thursday,2021-12-16,Walking,15.7306786497434,min,279.167,36.415,158.7696666666667,172.33
295,Friday,2021-12-17,TraditionalStrengthTraining,34.8452347834905,min,400.134,79.8229,134.14975,138.907
296,Friday,2021-12-17,Walking,17.73685013254483,min,316.233,41.0567,166.786,168.524
297,Saturday,2021-12-18,TraditionalStrengthTraining,45.35069713195165,min,534.705,103.948,133.3944,136.91
298,Saturday,2021-12-18,Walking,16.88195368448893,min,275.84,39.1691,161.692,167.54
299,Monday,2021-12-20,TraditionalStrengthTraining,48.21347461541494,min,608.976,110.08,132.11100000000002,145.243
300,Monday,2021-12-20,Walking,16.95124155084292,min,305.716,39.3082,172.1175,172.958
301,Tuesday,2021-12-21,TraditionalStrengthTraining,63.86286819974581,min,678.188,146.591,129.4455,135.449
302,Tuesday,2021-12-21,Walking,2.455326733986537,min,48.717,5.64,168.8,184.0
303,Tuesday,2021-12-21,Cycling,11.64937284986178,min,180.383,26.9151,154.823,154.823
304,Wednesday,2021-12-22,TraditionalStrengthTraining,33.01588940024376,min,318.21,74.8891,127.486,144.084
305,Wednesday,2021-12-22,Walking,1.746902716159821,min,13.0072,3.94846,137.57894736842104,147.0
306,Wednesday,2021-12-22,Cycling,6.606958417097728,min,112.718,15.136,168.47,168.47
307,Thursday,2021-12-23,TraditionalStrengthTraining,52.40477118293445,min,522.026,118.413,126.00999999999999,132.454
308,Friday,2021-12-24,FunctionalStrengthTraining,27.26293699940046,min,97.3173,63.2514,89.17206666666668,98.4538
309,Friday,2021-12-24,TraditionalStrengthTraining,12.84039321541786,min,76.1123,25.7945,77.9383,86.8814
310,Sunday,2021-12-26,TraditionalStrengthTraining,26.44217546780904,min,377.74,60.7877,150.37533333333332,160.623
311,Monday,2021-12-27,TraditionalStrengthTraining,68.22421768307686,min,876.646,152.748,140.38957142857143,148.364
312,Monday,2021-12-27,Walking,9.377699466546376,min,143.28,21.7292,161.075,161.075
313,Tuesday,2021-12-28,TraditionalStrengthTraining,35.82787389953931,min,400.044,80.2177,134.0565,139.618
314,Thursday,2021-12-30,TraditionalStrengthTraining,38.1407861828804,min,395.291,87.2801,130.5895,136.666
315,Thursday,2021-12-30,Walking,13.71480773289998,min,216.839,31.6654,155.51049999999998,169.647
316,Friday,2021-12-31,TraditionalStrengthTraining,56.78373351693153,min,654.676,129.997,134.8504,138.202
317,Friday,2021-12-31,Walking,24.44291358391444,min,422.683,56.603,171.49075,176.512
318,Monday,2022-01-03,TraditionalStrengthTraining,60.288836034139,min,775.918,139.138,143.46900000000002,155.888
319,Monday,2022-01-03,Walking,15.7172992348671,min,258.959,36.1715,172.00150000000002,173.965
320,Tuesday,2022-01-04,TraditionalStrengthTraining,51.98760510087013,min,692.374,120.018,145.82559999999998,156.341
321,Wednesday,2022-01-05,TraditionalStrengthTraining,52.76707133452098,min,664.62,121.492,142.7228,157.393
322,Wednesday,2022-01-05,Walking,9.575732483466465,min,167.666,22.1397,173.249,173.249
323,Friday,2022-01-07,TraditionalStrengthTraining,60.31684065063794,min,570.292,138.188,124.37566666666667,130.05
324,Saturday,2022-01-08,TraditionalStrengthTraining,68.43703424930573,min,848.326,157.301,140.29014285714285,154.228
325,Sunday,2022-01-09,TraditionalStrengthTraining,52.92397071719169,min,641.738,122.498,139.7892,152.086
326,Sunday,2022-01-09,Walking,15.0076172153155,min,243.969,34.63,162.755,173.196
327,Monday,2022-01-10,TraditionalStrengthTraining,75.36693623264631,min,935.624,173.972,137.0,150.078
328,Tuesday,2022-01-11,TraditionalStrengthTraining,55.79653746684392,min,713.715,127.006,136.68166666666667,143.561
329,Tuesday,2022-01-11,Cycling,10.17636151512464,min,173.218,23.3837,165.619,165.619
330,Wednesday,2022-01-12,TraditionalStrengthTraining,67.47837103406589,min,826.53,154.968,136.024,144.157
331,Wednesday,2022-01-12,TraditionalStrengthTraining,54.06211221814156,min,755.796,124.11,144.74633333333335,153.916
332,Wednesday,2022-01-12,Walking,14.25112135012944,min,254.726,32.659,176.8305,181.711
333,Thursday,2022-01-13,TraditionalStrengthTraining,48.43323713342349,min,561.905,111.393,134.2904,146.983
334,Friday,2022-01-14,TraditionalStrengthTraining,37.22950541774432,min,521.3,85.8756,146.80175,160.386
335,Friday,2022-01-14,Walking,20.55330036679904,min,337.971,47.5884,161.245,162.267
336,Saturday,2022-01-15,TraditionalStrengthTraining,41.1464898665746,min,352.428,94.4542,119.382,125.374
337,Monday,2022-01-17,TraditionalStrengthTraining,58.04788029988607,min,827.191,132.069,146.82342857142856,158.186
338,Tuesday,2022-01-18,TraditionalStrengthTraining,58.86019301613172,min,768.062,133.968,141.23383333333334,150.255
339,Tuesday,2022-01-18,Cycling,26.35593929886818,min,432.829,61.141,162.60866666666666,169.614
340,Wednesday,2022-01-19,TraditionalStrengthTraining,44.0335392832756,min,511.231,101.098,133.0985,140.303
341,Thursday,2022-01-20,TraditionalStrengthTraining,71.54764934976896,min,1019.11,164.668,148.8162857142857,159.831
342,Friday,2022-01-21,TraditionalStrengthTraining,71.85762529969216,min,993.468,166.489,145.75185714285715,167.165
343,Saturday,2022-01-22,TraditionalStrengthTraining,69.04018568197885,min,878.607,157.42,137.44542857142855,147.584
344,Sunday,2022-01-23,TraditionalStrengthTraining,77.01439683238665,min,817.589,175.646,123.5867888888889,157.756
345,Monday,2022-01-24,TraditionalStrengthTraining,39.39893738428751,min,432.875,90.5819,129.2505,132.59
346,Monday,2022-01-24,TraditionalStrengthTraining,35.93041239976883,min,501.297,82.9706,144.50849999999997,157.504
347,Monday,2022-01-24,Walking,11.12051686843236,min,189.745,25.6235,171.884,171.884
348,Tuesday,2022-01-25,TraditionalStrengthTraining,66.75648741523425,min,615.207,153.549,121.88766666666668,126.076
349,Wednesday,2022-01-26,TraditionalStrengthTraining,51.86073878407478,min,530.765,119.372,128.2116,138.116
350,Thursday,2022-01-27,TraditionalStrengthTraining,49.10538101792336,min,703.192,112.965,147.78799999999998,163.021
351,Saturday,2022-01-29,TraditionalStrengthTraining,75.07235350012779,min,728.793,173.609,124.83342857142857,137.233
352,Saturday,2022-01-29,Cycling,13.16664051612218,min,202.846,30.27,147.375,160.998
353,Sunday,2022-01-30,FunctionalStrengthTraining,21.26228220065435,min,115.29,49.3648,105.444,106.179
354,Monday,2022-01-31,TraditionalStrengthTraining,55.78665958444277,min,656.773,127.478,132.09533333333331,141.635
355,Monday,2022-01-31,TraditionalStrengthTraining,27.74730394879977,min,243.449,63.8599,120.15566666666666,132.264
356,Monday,2022-01-31,Walking,24.24052831729253,min,433.734,56.23,178.07933333333335,183.988
357,Tuesday,2022-02-01,TraditionalStrengthTraining,43.55706058343252,min,543.03,100.114,138.202,143.918
358,Tuesday,2022-02-01,TraditionalStrengthTraining,18.5898734331131,min,219.171,41.9565,132.6615,138.294
359,Tuesday,2022-02-01,Walking,14.04733701546987,min,256.882,32.268,184.664,186.58
360,Wednesday,2022-02-02,TraditionalStrengthTraining,50.02120414972305,min,361.614,113.838,111.3786,118.468
361,Sunday,2022-02-06,TraditionalStrengthTraining,102.3135762492816,min,1178.74,235.428,136.65545454545455,163.816
362,Monday,2022-02-07,TraditionalStrengthTraining,38.69331531723341,min,348.043,83.0253,123.09700000000001,130.257
363,Monday,2022-02-07,Walking,30.02972591718038,min,512.497,64.7773,179.26200000000003,184.662
364,Tuesday,2022-02-08,TraditionalStrengthTraining,38.01414138476054,min,332.122,81.9221,119.42525,122.505
365,Tuesday,2022-02-08,Walking,9.037126950422923,min,146.689,19.3909,169.13,169.13
366,Wednesday,2022-02-09,TraditionalStrengthTraining,58.40523953437805,min,464.422,125.204,117.42066666666666,124.975
367,Thursday,2022-02-10,TraditionalStrengthTraining,46.10768379966418,min,423.929,99.8779,123.74000000000001,128.761
368,Friday,2022-02-11,TraditionalStrengthTraining,27.71268456776937,min,206.997,59.7889,117.89866666666667,124.639
369,Saturday,2022-02-12,TraditionalStrengthTraining,60.44029546578725,min,721.182,130.373,136.45666666666668,142.689
370,Saturday,2022-02-12,Walking,15.31727404991786,min,243.764,32.9186,160.1925,163.411
371,Sunday,2022-02-13,TraditionalStrengthTraining,48.41077556610107,min,337.807,103.737,110.99099999999999,115.765
372,Monday,2022-02-14,TraditionalStrengthTraining,42.80305024981499,min,381.636,91.8529,119.5505,123.988
373,Monday,2022-02-14,Walking,17.89360725084941,min,287.345,38.549,167.966,168.45
374,Tuesday,2022-02-15,TraditionalStrengthTraining,43.93710306684176,min,372.356,93.9618,119.92459999999998,128.319
375,Wednesday,2022-02-16,TraditionalStrengthTraining,38.53725713292758,min,381.207,83.0126,125.29875,135.71
376,Thursday,2022-02-17,TraditionalStrengthTraining,43.82041456699371,min,372.4,94.3421,119.8355,128.406
377,Friday,2022-02-18,TraditionalStrengthTraining,58.82546791831653,min,473.42,126.533,117.14540000000002,124.016
378,Saturday,2022-02-19,TraditionalStrengthTraining,45.17672506769498,min,356.319,96.6012,111.9272,118.115
379,Saturday,2022-02-19,Walking,25.11229790051778,min,356.732,54.1497,154.58733333333333,168.752
380,Sunday,2022-02-20,TraditionalStrengthTraining,44.42619355122248,min,400.035,96.1245,120.64560000000002,126.909
381,Sunday,2022-02-20,Cycling,10.28103261590004,min,146.779,22.081,147.355,147.355
382,Monday,2022-02-21,TraditionalStrengthTraining,70.48215800126394,min,715.452,151.205,129.28042857142856,146.989
383,Tuesday,2022-02-22,TraditionalStrengthTraining,45.69803291757901,min,448.495,99.4758,125.52324999999999,131.905
384,Tuesday,2022-02-22,Walking,10.06602261662483,min,160.853,21.53,167.766,167.766
385,Wednesday,2022-02-23,TraditionalStrengthTraining,50.01155173381169,min,543.842,108.326,130.3286,137.798
386,Thursday,2022-02-24,TraditionalStrengthTraining,52.60201198458672,min,564.944,113.465,128.88400000000001,142.143
387,Friday,2022-02-25,TraditionalStrengthTraining,36.04281449913979,min,249.636,77.0326,107.860375,111.988
388,Saturday,2022-02-26,TraditionalStrengthTraining,61.09391366839409,min,604.868,132.125,126.01283333333333,136.304
389,Sunday,2022-02-27,TraditionalStrengthTraining,58.77764999866486,min,664.557,127.481,132.81466666666668,140.678
390,Sunday,2022-02-27,Walking,30.55880690018336,min,461.746,65.781,157.55566666666667,159.512
391,Monday,2022-02-28,TraditionalStrengthTraining,61.92427016695341,min,730.384,134.297,134.60342857142857,148.729
392,Tuesday,2022-03-01,TraditionalStrengthTraining,37.1121371169885,min,316.226,80.376,122.83519999999999,133.0
393,Wednesday,2022-03-02,TraditionalStrengthTraining,24.18228965004285,min,180.123,52.317,111.74799999999999,117.932
394,Wednesday,2022-03-02,Walking,18.87989653348923,min,117.42,40.9041,117.6095,125.923
395,Thursday,2022-03-03,TraditionalStrengthTraining,76.37187011639277,min,829.432,164.614,131.69914285714285,138.835
396,Friday,2022-03-04,TraditionalStrengthTraining,42.77012845079104,min,488.368,92.669,134.6762,139.48
397,Friday,2022-03-04,TraditionalStrengthTraining,11.33149630029996,min,125.578,24.6756,126.72299999999998,134.075
398,Saturday,2022-03-05,TraditionalStrengthTraining,37.44215761621793,min,299.52,80.721,117.85325,132.802
399,Saturday,2022-03-05,Walking,12.32994379997253,min,204.699,26.498,171.49200000000002,174.297
400,Sunday,2022-03-06,TraditionalStrengthTraining,53.92058993180593,min,458.452,117.006,120.36859999999999,125.031
401,Monday,2022-03-07,TraditionalStrengthTraining,51.23742821613948,min,406.409,110.481,117.785,125.414
402,Wednesday,2022-03-09,TraditionalStrengthTraining,47.28420586585999,min,512.062,101.698,137.0672,171.695
403,Wednesday,2022-03-09,Walking,7.787526549895604,min,130.115,16.469,178.242,178.242
404,Thursday,2022-03-10,TraditionalStrengthTraining,61.82325931787491,min,738.578,134.479,136.8601666666667,144.583
405,Thursday,2022-03-10,Walking,11.48587733507156,min,199.383,24.7361,173.68,179.904
406,Thursday,2022-03-10,FunctionalStrengthTraining,11.82290698289871,min,107.183,25.5769,153.6995,165.813
407,Friday,2022-03-11,TraditionalStrengthTraining,33.05354293386142,min,276.917,70.6462,119.9405,126.483
408,Sunday,2022-03-20,TraditionalStrengthTraining,55.07349986831347,min,482.507,119.344,123.72600000000001,132.693
409,Sunday,2022-03-20,Walking,19.41702156662941,min,336.327,41.676,179.5205,184.457
410,Monday,2022-03-21,TraditionalStrengthTraining,70.62297426660855,min,836.415,152.895,140.5532857142857,154.538
411,Monday,2022-03-21,Walking,11.73392794926961,min,190.794,25.208,178.1125,183.68
412,Tuesday,2022-03-22,TraditionalStrengthTraining,22.30283613403638,min,213.89,46.1486,130.92025,141.903
413,Thursday,2022-03-24,TraditionalStrengthTraining,50.55408036708832,min,319.804,104.499,111.8394,119.958
414,Thursday,2022-03-24,Walking,36.37817693352699,min,568.581,75.8857,172.06425000000002,177.429
415,Friday,2022-03-25,TraditionalStrengthTraining,65.97638249993324,min,665.483,137.057,128.16566666666668,130.759
416,Friday,2022-03-25,Walking,9.67742476662,min,159.435,20.005,169.677,169.677
417,Saturday,2022-03-26,TraditionalStrengthTraining,41.63289521535238,min,378.822,86.1667,124.37875,129.368
418,Monday,2022-03-28,TraditionalStrengthTraining,50.38970160086949,min,358.698,102.093,113.21900000000001,117.224
419,Tuesday,2022-03-29,TraditionalStrengthTraining,51.00208544929822,min,522.689,105.315,129.8278,147.246
420,Wednesday,2022-03-30,TraditionalStrengthTraining,40.58283703327179,min,379.6,83.7285,122.95224999999999,138.129
421,Wednesday,2022-03-30,Walking,10.01876481771469,min,178.474,20.7732,176.51999999999998,180.04
422,Wednesday,2022-03-30,Walking,23.15917648275693,min,142.884,47.882,118.13466666666666,124.957
423,Thursday,2022-03-31,TraditionalStrengthTraining,55.40218013326327,min,488.913,114.828,121.57783333333333,136.071
424,Monday,2022-04-11,TraditionalStrengthTraining,19.80135328372319,min,211.644,41.3215,149.633,185.058
425,Monday,2022-04-11,Walking,8.44181191722552,min,150.624,17.3468,185.393,185.393
426,Tuesday,2022-04-12,TraditionalStrengthTraining,57.45388034979502,min,455.383,120.189,118.14033333333332,121.876
427,Tuesday,2022-04-12,Walking,7.877030531565349,min,117.463,16.4126,165.499,165.499
428,Wednesday,2022-04-13,TraditionalStrengthTraining,50.83232598304748,min,439.123,106.518,122.86640000000003,131.715
429,Thursday,2022-04-14,TraditionalStrengthTraining,25.14238261779149,min,180.575,52.3781,119.26299999999999,120.86
430,Friday,2022-04-15,TraditionalStrengthTraining,52.23210473457972,min,356.992,109.481,111.4494,119.562
431,Monday,2022-04-18,TraditionalStrengthTraining,39.64720726807912,min,253.299,82.8137,109.90475,117.042
432,Monday,2022-04-18,Walking,10.97078636884689,min,183.548,22.6647,176.4315,185.386
433,Monday,2022-04-18,Walking,4.480368498961131,min,74.3313,9.31591,171.72727272727272,177.0
434,Tuesday,2022-04-19,TraditionalStrengthTraining,76.87939806580543,min,1140.68,160.983,156.76162499999998,191.487
435,Wednesday,2022-04-20,TraditionalStrengthTraining,59.82032199899356,min,576.574,125.11,126.6015,132.181
436,Thursday,2022-04-21,TraditionalStrengthTraining,48.37354811429977,min,350.479,100.649,114.5365,124.907
437,Thursday,2022-04-21,Walking,13.27934646606445,min,226.591,27.4764,179.7705,181.92
438,Friday,2022-04-22,TraditionalStrengthTraining,62.74979150096576,min,556.744,131.542,121.69971428571428,130.165
439,Saturday,2022-04-23,TraditionalStrengthTraining,45.9308988849322,min,426.696,95.532,123.79720000000002,138.216
440,Saturday,2022-04-23,Running,2.353912401199341,min,9.73071,4.94526,156.0408163265306,191.0
441,Monday,2022-04-25,TraditionalStrengthTraining,55.6109076499939,min,456.044,116.417,118.05016666666667,126.44
442,Tuesday,2022-04-26,TraditionalStrengthTraining,57.65194803277652,min,709.654,119.881,134.43800000000002,139.922
443,Wednesday,2022-04-27,Walking,82.1482365767161,min,305.902,171.688,107.26285862068966,118.0
444,Thursday,2022-04-28,TraditionalStrengthTraining,36.61703788240751,min,345.369,75.7371,122.59975,137.263
445,Friday,2022-04-29,Walking,25.01228117744128,min,112.543,51.7473,114.51006666666667,147.0
446,Saturday,2022-04-30,TraditionalStrengthTraining,60.62566901644071,min,594.745,127.043,126.10849999999999,134.448
447,Saturday,2022-04-30,Walking,11.67884573340416,min,179.756,24.297,170.66250000000002,173.663
448,Sunday,2022-05-01,Walking,6.245265050729116,min,101.324,12.8712,165.003,165.003
449,Sunday,2022-05-01,TraditionalStrengthTraining,34.3438560684522,min,384.205,71.7623,132.29275,140.091
450,Monday,2022-05-02,Walking,5.76589403351148,min,39.0662,12.1116,107.402,107.402
451,Monday,2022-05-02,Walking,10.58145214915276,min,81.0157,21.9131,112.406,116.812
452,Tuesday,2022-05-03,TraditionalStrengthTraining,38.58147408366203,min,308.817,80.6785,116.19395,123.253
453,Tuesday,2022-05-03,Walking,13.72290566762288,min,232.615,28.5955,170.5325,172.067
454,Tuesday,2022-05-03,Cycling,6.697126982609431,min,110.976,13.9051,164.719,164.719
455,Tuesday,2022-05-03,FunctionalStrengthTraining,13.04503371516864,min,107.79,27.2737,133.66966666666667,137.0
456,Tuesday,2022-05-03,Walking,10.78108320037524,min,87.5555,22.3463,127.663,127.663
457,Wednesday,2022-05-04,TraditionalStrengthTraining,44.82756398320198,min,397.724,93.4653,120.34259999999999,125.385
458,Friday,2022-05-06,TraditionalStrengthTraining,67.05550123254459,min,665.634,139.762,125.03025000000001,134.85
459,Friday,2022-05-06,Running,37.052960840861,min,613.265,77.5392,171.9905,174.784
460,Saturday,2022-05-07,TraditionalStrengthTraining,73.93436223467191,min,647.612,154.52,120.34828571428571,131.332
461,Saturday,2022-05-07,Running,17.33313668370247,min,294.019,36.2949,169.5925,172.394
462,Saturday,2022-05-07,FunctionalStrengthTraining,22.3028803507487,min,179.719,46.7056,133.73566666666667,142.313
463,Sunday,2022-05-08,TraditionalStrengthTraining,52.79783084988594,min,509.904,109.594,122.77950000000003,128.19
464,Monday,2022-05-09,TraditionalStrengthTraining,6.715488515297571,min,53.1435,13.8098,118.24,118.24
465,Monday,2022-05-09,Walking,5.028870749473572,min,62.6433,10.4544,140.137,140.137
466,Monday,2022-05-09,Running,15.70474855105082,min,257.12,32.7872,165.7835,169.359
467,Tuesday,2022-05-10,TraditionalStrengthTraining,71.8074548482895,min,508.662,150.183,111.40685714285713,122.211
468,Tuesday,2022-05-10,Running,21.57659576535225,min,327.609,44.946,155.803,160.322
469,Saturday,2022-05-14,TraditionalStrengthTraining,47.24160730044047,min,430.241,98.5423,120.87,134.691
470,Saturday,2022-05-14,Walking,2.690128733714422,min,19.4089,5.62625,121.3030303030303,141.0
471,Saturday,2022-05-14,Running,10.06820546587308,min,166.266,21.0559,163.971,163.971
472,Saturday,2022-05-14,TraditionalStrengthTraining,14.61786838372548,min,165.262,30.3351,132.3425,135.701
473,Sunday,2022-05-15,TraditionalStrengthTraining,49.84119318326314,min,379.684,103.507,110.63416666666667,120.283
474,Wednesday,2022-05-18,TraditionalStrengthTraining,76.45486636559168,min,698.994,158.994,122.69514285714284,131.9
475,Thursday,2022-05-19,TraditionalStrengthTraining,2.366620733340581,min,12.7724,4.95576,100.74418604651163,115.0
476,Saturday,2022-05-21,TraditionalStrengthTraining,46.58043296734492,min,360.27,97.5234,117.4964,126.719
477,Sunday,2022-05-22,TraditionalStrengthTraining,74.46887284914652,min,579.806,155.29,116.05957142857142,124.796
478,Sunday,2022-05-22,Walking,13.6904639005661,min,200.251,28.6556,152.15600000000003,162.811
479,Tuesday,2022-05-24,TraditionalStrengthTraining,61.63024761676788,min,526.593,128.553,120.86857142857141,129.632
480,Tuesday,2022-05-24,Running,11.17648023366928,min,170.726,23.3789,160.645,160.645
481,Tuesday,2022-05-24,TraditionalStrengthTraining,6.281762599945068,min,51.1096,12.9724,119.766,119.766
482,Wednesday,2022-05-25,TraditionalStrengthTraining,28.35364600022634,min,236.216,59.2138,118.63166666666666,124.298
483,Thursday,2022-05-26,TraditionalStrengthTraining,38.05428236722946,min,277.965,79.2121,113.78725,116.076
484,Friday,2022-05-27,TraditionalStrengthTraining,39.44975036581357,min,510.269,82.868,140.74325,160.825
485,Friday,2022-05-27,Basketball,62.95670065085093,min,904.574,131.677,151.98942857142856,172.141
486,Tuesday,2022-05-31,TraditionalStrengthTraining,47.24817476669947,min,430.858,99.1976,120.00122000000002,131.435
487,Tuesday,2022-05-31,StairClimbing,24.21644051671028,min,418.009,50.6167,174.74666666666667,178.08
488,Tuesday,2022-05-31,Walking,5.932111799716949,min,85.4264,12.3732,156.115,156.115
489,Tuesday,2022-05-31,TraditionalStrengthTraining,15.5343435327212,min,162.863,32.1132,129.4946666666667,135.007
490,Wednesday,2022-06-01,TraditionalStrengthTraining,62.38633563319842,min,564.647,130.769,121.94816666666667,127.305
491,Wednesday,2022-06-01,StairClimbing,21.97373881737391,min,380.175,46.0081,171.25866666666664,182.013
492,Thursday,2022-06-02,TraditionalStrengthTraining,63.44127623240153,min,506.376,132.373,118.00514285714284,123.43
493,Sunday,2022-06-05,TraditionalStrengthTraining,85.36994869907697,min,694.72,178.924,118.37555555555554,132.184
494,Sunday,2022-06-05,StairClimbing,30.93171785076459,min,530.645,64.793,174.51699999999997,177.261
495,Monday,2022-06-06,TraditionalStrengthTraining,73.77357091705004,min,505.193,154.107,109.91288571428572,117.063
496,Monday,2022-06-06,StairClimbing,21.09184121688207,min,368.305,44.1676,173.664,177.586
497,Monday,2022-06-06,Walking,10.15697359840075,min,88.639,21.0923,127.666,127.666
498,Tuesday,2022-06-07,TraditionalStrengthTraining,59.30047616561254,min,441.64,123.824,111.22385714285714,123.167
499,Wednesday,2022-06-08,TraditionalStrengthTraining,53.2786167661349,min,548.553,111.449,129.55100000000002,151.356
500,Wednesday,2022-06-08,StairClimbing,5.3691401998202,min,90.6422,11.0327,169.332,169.332
501,Thursday,2022-06-09,TraditionalStrengthTraining,56.69395354986191,min,390.201,118.423,107.68124,114.205
502,Thursday,2022-06-09,StairClimbing,20.61290056705475,min,378.249,43.1542,178.857,186.164
503,Friday,2022-06-10,TraditionalStrengthTraining,69.13803968429565,min,451.508,144.208,108.239,113.523
504,Friday,2022-06-10,StairClimbing,20.95285894870758,min,359.872,43.8412,170.1225,171.599
505,Saturday,2022-06-11,TraditionalStrengthTraining,61.18868911663692,min,600.923,127.149,125.69966666666666,129.327
506,Sunday,2022-06-12,Walking,45.43912582794825,min,147.103,94.2082,94.24113456790123,110.0
507,Monday,2022-06-13,TraditionalStrengthTraining,74.88002684911092,min,577.797,156.126,115.78357142857145,127.422
508,Monday,2022-06-13,StairClimbing,27.08736435174942,min,459.647,56.6453,168.867,177.605
509,Tuesday,2022-06-14,TraditionalStrengthTraining,46.19405053257942,min,374.053,96.257,117.732,122.415
510,Tuesday,2022-06-14,FunctionalStrengthTraining,45.02307731707891,min,396.263,94.346,118.24916666666667,137.479
511,Wednesday,2022-06-15,TraditionalStrengthTraining,42.24149099985758,min,376.813,87.958,120.25450000000001,125.06
512,Thursday,2022-06-16,TraditionalStrengthTraining,52.60970791776975,min,332.689,109.946,105.68548000000001,116.241
513,Friday,2022-06-17,TraditionalStrengthTraining,61.1193476498127,min,434.198,128.199,110.84533333333333,119.991
514,Friday,2022-06-17,StairClimbing,11.19482290148735,min,175.045,23.2736,157.75,157.75
515,Saturday,2022-06-18,Cycling,78.23828658858935,min,528.017,101.276,119.93328268551237,153.0
516,Sunday,2022-06-19,TraditionalStrengthTraining,53.42831931710244,min,413.127,110.755,115.27120000000002,120.748
517,Sunday,2022-06-19,StairClimbing,15.74880501627922,min,260.007,32.8341,166.66649999999998,171.355
518,Monday,2022-06-20,TraditionalStrengthTraining,46.18506193359693,min,280.82,96.2839,101.806975,106.616
519,Wednesday,2022-06-22,TraditionalStrengthTraining,80.31099253296853,min,861.697,167.932,130.85075,137.383
520,Thursday,2022-06-23,TraditionalStrengthTraining,42.72135579983394,min,306.315,89.267,115.79400000000001,120.257
521,Sunday,2022-06-26,StairClimbing,5.150176666180292,min,43.3744,10.7702,105.9262,116.917
522,Sunday,2022-06-26,TraditionalStrengthTraining,54.74929300149282,min,523.922,113.657,134.58066666666664,175.065
523,Monday,2022-06-27,TraditionalStrengthTraining,53.60570468306541,min,350.584,112.335,108.38138,111.426
524,Monday,2022-06-27,StairClimbing,20.03517384926478,min,339.064,41.9448,158.31133333333332,172.412
525,Tuesday,2022-06-28,TraditionalStrengthTraining,59.01320473353068,min,564.291,123.373,125.04783333333334,130.381
526,Wednesday,2022-06-29,TraditionalStrengthTraining,30.8676794330279,min,205.123,64.587,113.24000000000001,115.459
527,Thursday,2022-06-30,Running,4.755504250526428,min,74.5502,9.78644,166.98214285714286,178.0
528,Thursday,2022-06-30,TraditionalStrengthTraining,50.11638348301252,min,459.36,104.81,123.56020000000001,130.901
529,Sunday,2022-07-03,TraditionalStrengthTraining,66.40792636672656,min,646.686,138.736,128.79999999999998,156.28
530,Tuesday,2022-07-05,TraditionalStrengthTraining,40.37880610028903,min,272.586,84.1515,111.964,117.65
531,Wednesday,2022-07-06,FunctionalStrengthTraining,86.78848244945208,min,809.755,182.149,131.947,145.717
532,Monday,2022-07-11,TraditionalStrengthTraining,44.63300325075785,min,420.974,93.5251,126.51140000000001,133.652
533,Tuesday,2022-07-12,TraditionalStrengthTraining,78.50854298273723,min,776.59,163.782,133.99744444444443,172.44
534,Wednesday,2022-07-13,TraditionalStrengthTraining,34.26428011655808,min,285.655,71.6087,119.86575,125.457
535,Thursday,2022-07-14,TraditionalStrengthTraining,34.0466230849425,min,263.01,71.2228,114.65475,124.613
536,Friday,2022-07-15,TraditionalStrengthTraining,44.01008996566136,min,417.097,91.8988,125.23599999999999,136.776
537,Sunday,2022-07-17,TraditionalStrengthTraining,67.58933304945627,min,638.046,139.979,109.93145714285714,149.302
538,Monday,2022-07-18,TraditionalStrengthTraining,37.2658440331618,min,323.806,78.0197,125.18199999999999,130.732
539,Tuesday,2022-07-19,TraditionalStrengthTraining,45.25275410016378,min,423.968,94.6204,125.92824999999999,135.814
540,Tuesday,2022-07-19,Basketball,50.8687806169192,min,759.062,106.602,161.4992,180.355
541,Wednesday,2022-07-20,TraditionalStrengthTraining,40.73387688398361,min,429.038,85.2786,133.0634,139.991
542,Thursday,2022-07-21,TraditionalStrengthTraining,50.70758928457896,min,413.166,105.939,119.4656,130.964
543,Friday,2022-07-22,TraditionalStrengthTraining,53.94024108250936,min,455.391,112.442,120.69659999999999,135.813
544,Saturday,2022-07-23,Walking,67.13699387510617,min,556.675,139.156,112.19965471698112,139.0
545,Saturday,2022-07-23,Walking,37.32271646062533,min,35.286,15.754,109.26343644067798,147.0
546,Sunday,2022-07-24,TraditionalStrengthTraining,16.98283463319143,min,150.83,35.6056,123.063,124.393
547,Sunday,2022-07-24,Running,10.26860435009003,min,172.26,21.4563,178.137,178.137
548,Sunday,2022-07-24,TraditionalStrengthTraining,33.47022953430812,min,397.64,69.574,137.1855,152.367
549,Sunday,2022-07-24,StairClimbing,16.26880906621615,min,261.385,34.1214,164.1035,174.844
550,Sunday,2022-07-24,Rowing,10.22912353277206,min,84.0546,21.4864,157.983,157.983
551,Sunday,2022-07-24,Running,10.68569703499476,min,153.503,22.1936,168.219,168.219
552,Sunday,2022-07-24,TraditionalStrengthTraining,39.09489005009333,min,364.424,80.6536,125.3185,133.553
553,Monday,2022-07-25,TraditionalStrengthTraining,19.71731583277385,min,103.877,38.5622,60.079499999999996,65.6019
554,Monday,2022-07-25,TraditionalStrengthTraining,46.56162250041962,min,382.355,97.3237,118.76879999999998,139.79
555,Tuesday,2022-07-26,TraditionalStrengthTraining,34.38424739837647,min,273.971,71.7385,122.36359999999999,132.0
556,Thursday,2022-07-28,TraditionalStrengthTraining,58.20976306796074,min,580.213,121.628,124.78516666666665,135.659
557,Saturday,2022-07-30,TraditionalStrengthTraining,51.19614980022113,min,560.851,107.459,130.0782,136.416
558,Sunday,2022-07-31,TraditionalStrengthTraining,50.97755570014318,min,729.857,106.293,152.1274,169.066
559,Monday,2022-08-01,TraditionalStrengthTraining,48.69347329934438,min,610.53,100.91,139.0156,171.14
560,Wednesday,2022-08-03,TraditionalStrengthTraining,52.83786783417066,min,681.977,110.509,145.9898,179.424
561,Saturday,2022-08-06,TraditionalStrengthTraining,66.45141494870185,min,713.746,138.33,130.62314285714288,159.489
562,Sunday,2022-08-07,TraditionalStrengthTraining,48.79534638325374,min,585.583,101.573,141.087,166.064
563,Wednesday,2022-08-10,TraditionalStrengthTraining,64.9399562994639,min,476.257,135.577,114.05899999999998,125.336
564,Thursday,2022-08-11,TraditionalStrengthTraining,61.72498553395271,min,640.357,129.132,131.11819999999997,153.079
565,Friday,2022-08-12,TraditionalStrengthTraining,45.60048756599426,min,579.585,95.0852,142.84300000000002,160.832
566,Saturday,2022-08-13,TraditionalStrengthTraining,22.73877355058988,min,174.39,47.382,117.80799999999999,123.459
567,Monday,2022-08-15,TraditionalStrengthTraining,69.42276329994202,min,710.857,145.008,129.07516666666666,143.386
568,Tuesday,2022-08-16,TraditionalStrengthTraining,18.7723991672198,min,138.301,38.718,113.41866666666665,120.286
569,Friday,2022-08-19,Walking,24.07519396344821,min,128.926,49.5434,113.5301,130.0
570,Sunday,2022-08-21,Walking,12.30637156764666,min,97.4403,25.6697,128.254,129.326
571,Monday,2022-08-22,TraditionalStrengthTraining,55.67156265179316,min,666.642,115.539,140.7326,144.772
572,Monday,2022-08-22,Walking,46.84903073310852,min,190.674,97.992,91.53248,110.643
573,Tuesday,2022-08-23,TraditionalStrengthTraining,56.07869900067647,min,585.344,116.071,122.47757142857142,144.776
574,Tuesday,2022-08-23,Walking,10.48809003035228,min,85.3761,21.798,134.97253658536584,152.0
575,Tuesday,2022-08-23,Walking,28.60650043288867,min,86.5918,59.6867,108.25333333333333,116.155
576,Wednesday,2022-08-24,Walking,12.31674503485362,min,67.5695,25.4618,91.40506666666666,112.814
577,Wednesday,2022-08-24,Walking,10.15211941202482,min,61.5002,20.7987,110.76315789473684,120.0
578,Wednesday,2022-08-24,TraditionalStrengthTraining,72.38510378400484,min,556.604,147.656,107.170225,129.259
579,Wednesday,2022-08-24,Walking,21.73974109689395,min,143.759,44.8744,133.71226829268295,165.0
580,Thursday,2022-08-25,Walking,20.10284786224365,min,101.84,40.4919,100.11071176470588,107.0
581,Thursday,2022-08-25,Walking,14.81032810012499,min,80.076,30.617,102.7575,112.373
582,Thursday,2022-08-25,TraditionalStrengthTraining,69.5698100845019,min,792.501,145.658,132.0652857142857,154.303
583,Friday,2022-08-26,TraditionalStrengthTraining,68.81152418255806,min,932.409,144.08,147.275,172.048
584,Friday,2022-08-26,Walking,11.78317613800367,min,90.358,24.2889,134.1231388888889,153.0
585,Saturday,2022-08-27,TraditionalStrengthTraining,53.92919623454411,min,419.41,111.54,111.86767142857143,131.279
586,Tuesday,2022-08-30,TraditionalStrengthTraining,22.81942239999771,min,240.501,47.5042,129.844,132.461
587,Tuesday,2022-08-30,Walking,34.30567375818888,min,125.749,70.7199,103.51777115384616,112.0
588,Wednesday,2022-08-31,TraditionalStrengthTraining,63.75131158431371,min,732.816,132.309,134.02133333333333,145.47
589,Wednesday,2022-08-31,Walking,13.79689302245776,min,86.683,28.3808,140.44471428571427,164.0
590,Thursday,2022-09-01,Walking,10.8888848443826,min,56.9846,22.2273,100.825,128.0
591,Thursday,2022-09-01,Walking,17.15181469718615,min,84.9712,34.7296,99.23977058823529,123.0
592,Thursday,2022-09-01,Walking,16.86096807718277,min,94.1168,34.2146,94.52873333333334,125.0
593,Thursday,2022-09-01,Walking,10.19832680622737,min,58.2771,19.744,97.81818181818181,108.0
594,Friday,2022-09-02,Walking,23.0302015721798,min,112.864,47.3933,86.38092857142857,108.0
595,Friday,2022-09-02,TraditionalStrengthTraining,43.94466638366382,min,430.554,90.6161,127.6558,140.986
596,Friday,2022-09-02,Walking,16.7162104109923,min,99.1269,34.8203,121.89634146341463,140.0
597,Wednesday,2022-09-07,TraditionalStrengthTraining,47.83339740037918,min,409.833,95.8943,120.1209,132.007
598,Wednesday,2022-09-07,Walking,11.22660119533539,min,71.5124,22.8324,121.27906976744185,130.0
599,Thursday,2022-09-08,Walking,15.70129575133324,min,99.4086,31.8219,109.15789473684211,117.0
600,Friday,2022-09-09,TraditionalStrengthTraining,73.96882691582044,min,754.436,154.613,126.64856250000001,138.681
601,Thursday,2022-09-15,Walking,10.18810249964396,min,81.5822,21.0932,110.713,110.713
602,Friday,2022-09-16,Walking,13.56090983351072,min,114.734,28.1185,124.835,124.835
603,Friday,2022-09-16,Walking,23.12636975646019,min,139.952,48.195,116.68956,121.0
604,Saturday,2022-09-17,Walking,10.50385604898135,min,90.7539,21.826,104.004,104.004
605,Tuesday,2022-09-20,TraditionalStrengthTraining,43.35900346636772,min,604.415,90.6689,146.5665,150.395
606,Wednesday,2022-09-21,TraditionalStrengthTraining,92.33658261696498,min,615.033,192.491,108.18425555555555,122.728
607,Friday,2022-09-23,Walking,2.37175866762797,min,34.9358,4.74154,148.96153846153845,177.0
608,Friday,2022-09-23,TraditionalStrengthTraining,27.02186029950778,min,276.158,56.3254,126.214,132.55
609,Friday,2022-09-23,Walking,19.19589528441429,min,232.671,39.9916,155.3845,159.744
610,Tuesday,2022-09-27,TraditionalStrengthTraining,93.62591456770897,min,797.063,192.468,117.22428888888888,141.452
611,Tuesday,2022-09-27,Walking,10.12958732446035,min,54.4335,20.9047,114.93939393939394,121.0
612,Friday,2022-09-30,Walking,15.42392866810163,min,237.74,32.2522,174.71533333333335,182.0
613,Friday,2022-09-30,TraditionalStrengthTraining,57.6834014693896,min,738.707,119.896,138.48866666666666,144.074
614,Monday,2022-10-03,TraditionalStrengthTraining,65.69500915010771,min,784.234,137.505,134.314,142.498
615,Tuesday,2022-10-04,TraditionalStrengthTraining,66.02636461655298,min,421.151,137.582,107.68412857142857,129.23
616,Wednesday,2022-10-05,Walking,16.0325387775898,min,103.049,32.6313,113.9,129.0
617,Wednesday,2022-10-05,TraditionalStrengthTraining,17.30042943358421,min,91.8019,32.9735,68.06915000000001,70.1519
618,Wednesday,2022-10-05,Walking,10.17844626108805,min,55.7405,20.9913,104.11428571428571,120.0
619,Thursday,2022-10-06,TraditionalStrengthTraining,55.80267353256544,min,462.552,116.338,120.6162,129.72
620,Friday,2022-10-07,TraditionalStrengthTraining,49.78692858417829,min,369.374,102.022,113.30942,124.342
621,Saturday,2022-10-08,Walking,10.1400905529658,min,87.2842,21.0234,107.72340425531915,131.0
622,Sunday,2022-10-09,Walking,39.26370373169581,min,170.717,81.0776,105.59810327868851,118.0
623,Tuesday,2022-10-11,Walking,23.56826420029005,min,398.089,49.307,177.18966666666665,184.731
624,Tuesday,2022-10-11,StairClimbing,2.102188650767009,min,36.8565,4.22759,181.6153846153846,189.0
625,Tuesday,2022-10-11,TraditionalStrengthTraining,103.0263946672281,min,1312.82,213.766,138.78630000000004,145.258
626,Tuesday,2022-10-11,Walking,17.1124471505483,min,115.457,35.6407,121.83933333333334,131.704
627,Wednesday,2022-10-12,TraditionalStrengthTraining,67.95079410076141,min,393.533,140.773,98.11055714285715,106.268
628,Wednesday,2022-10-12,Walking,15.22137158314387,min,222.749,31.7122,162.0135,169.719
629,Wednesday,2022-10-12,Walking,13.64907602469126,min,95.4854,27.2161,134.92350000000002,148.0
630,Friday,2022-10-14,TraditionalStrengthTraining,48.52775410016378,min,360.877,101.644,112.18348333333334,121.781
631,Monday,2022-10-17,TraditionalStrengthTraining,40.21896448334058,min,413.363,82.8916,128.50175000000002,130.57
632,Friday,2022-10-21,TraditionalStrengthTraining,48.79138390024503,min,358.801,101.744,114.34880000000001,126.824
633,Friday,2022-10-21,Walking,13.2687195956707,min,99.3225,27.67,118.6,140.0
634,Wednesday,2022-10-26,TraditionalStrengthTraining,62.47828518152237,min,728.417,130.505,139.19483333333335,146.807
635,Thursday,2022-10-27,TraditionalStrengthTraining,25.37563043236732,min,276.184,52.0895,128.53799999999998,140.761
636,Monday,2022-10-31,TraditionalStrengthTraining,33.59166730046272,min,250.09,69.8901,117.09333333333332,121.575
637,Wednesday,2022-11-02,TraditionalStrengthTraining,21.63785918354988,min,269.986,44.8019,144.8415,147.902
638,Wednesday,2022-11-02,Walking,15.16855869889259,min,183.412,31.6784,130.39866666666668,146.706
639,Friday,2022-11-04,TraditionalStrengthTraining,79.06559248367945,min,777.495,164.137,130.6785,139.945
640,Sunday,2022-11-06,TraditionalStrengthTraining,38.80049663384755,min,243.817,80.1992,104.33871428571429,117.011
641,Wednesday,2022-11-09,TraditionalStrengthTraining,43.81161663333575,min,483.709,91.5411,132.1358,150.416
642,Thursday,2022-11-10,TraditionalStrengthTraining,34.72024594942729,min,193.905,71.7462,94.35435000000001,99.3252
643,Tuesday,2022-11-15,TraditionalStrengthTraining,57.66661566694577,min,365.875,118.422,103.93940000000002,117.276
644,Monday,2022-11-21,TraditionalStrengthTraining,35.66219734946887,min,409.164,74.2262,139.59825,145.011
645,Monday,2022-11-21,Walking,13.98228550553322,min,105.745,29.0919,147.50376470588233,179.0
646,Wednesday,2022-11-23,TraditionalStrengthTraining,54.37935555179914,min,391.062,112.714,115.00459999999998,125.363
647,Monday,2022-11-28,Walking,16.79986760218938,min,118.972,34.7629,133.19659938271604,159.0
648,Wednesday,2022-11-30,TraditionalStrengthTraining,76.9482240319252,min,772.55,159.569,96.5694388888889,146.904
649,Thursday,2022-12-01,TraditionalStrengthTraining,71.54054868221283,min,478.101,148.879,112.11357142857143,124.01
650,Thursday,2022-12-01,Walking,16.09145293235779,min,80.341,33.0073,115.78787878787878,127.0
651,Friday,2022-12-02,Walking,22.86822266578674,min,80.812,47.6564,72.5668,74.6533
652,Tuesday,2022-12-06,TraditionalStrengthTraining,54.65665238300959,min,744.806,114.158,150.21133333333333,165.463
653,Tuesday,2022-12-06,Walking,16.95990796883901,min,268.705,35.4886,170.4555,173.049
654,Thursday,2022-12-08,TraditionalStrengthTraining,39.96709728240967,min,261.849,79.7421,99.38485,118.743
655,Friday,2023-01-06,Walking,64.21591853698095,min,158.863,127.704,136.58026,161.0
656,Saturday,2023-01-07,Walking,51.82370268901189,min,234.856,102.847,125.673320754717,151.0
657,Monday,2023-01-09,Walking,36.02943755785624,min,144.282,71.8051,126.51885652173914,138.0
658,Sunday,2023-01-15,TraditionalStrengthTraining,72.39481698473294,min,830.207,142.88,143.91671428571428,154.36
659,Friday,2023-01-20,Walking,31.95734243194262,min,166.021,62.7411,119.83859375,141.443
660,Sunday,2023-01-29,Walking,13.13735640048981,min,97.7751,25.9813,141.635,146.25
661,Tuesday,2023-02-07,Walking,25.04548854033152,min,90.7832,49.7716,131.09209375,158.0
662,Wednesday,2023-02-08,Walking,13.2238926033179,min,58.4456,26.4438,132.83333333333334,164.0
663,Saturday,2023-02-11,TraditionalStrengthTraining,55.90262601772944,min,702.781,110.686,160.27635782747603,194.0
664,Thursday,2023-02-16,Walking,48.46510611176491,min,267.732,96.3538,137.42669584245075,164.0
665,Wednesday,2023-03-01,TraditionalStrengthTraining,50.47430648406347,min,544.193,100.756,143.43782837127847,182.0
666,Wednesday,2023-03-01,Walking,14.96201880176862,min,195.192,29.835,166.18994413407822,187.0
667,Wednesday,2023-03-01,Walking,6.583237415552139,min,47.1347,13.0842,144.06542056074767,171.0
668,Thursday,2023-03-02,TraditionalStrengthTraining,45.414772717158,min,427.145,90.5443,137.11789473684212,169.0
669,Thursday,2023-03-02,Walking,19.74452689886093,min,266.314,39.5963,171.12340425531914,191.0
670,Thursday,2023-03-02,Walking,14.90653678178787,min,83.3394,29.5951,131.3687150837989,157.0
671,Monday,2023-03-06,TraditionalStrengthTraining,85.05326296687126,min,949.177,166.97,144.0824230387289,200.0
672,Friday,2023-03-10,Walking,66.07977734406789,min,406.133,131.346,119.82579787234043,154.0
673,Saturday,2023-03-11,Walking,41.23259169260661,min,221.166,81.4656,120.37595907928389,130.0
674,Wednesday,2023-03-15,Walking,50.90663648446401,min,240.159,101.519,91.13102119460501,114.0
675,Thursday,2023-03-16,Walking,41.62603983481725,min,213.64,82.2403,101.66304347826087,125.0
676,Friday,2023-03-17,Walking,27.3586456934611,min,140.783,53.9266,116.71551724137932,169.0
677,Thursday,2023-03-23,TraditionalStrengthTraining,45.6173083504041,min,513.645,90.5067,132.37067209775967,163.0
678,Thursday,2023-03-23,Walking,18.28819658358892,min,280.369,36.635,173.80861244019138,194.0
679,Saturday,2023-03-25,TraditionalStrengthTraining,44.5158497651418,min,436.745,87.7515,127.42345924453281,180.0
680,Saturday,2023-03-25,Walking,18.80086253285408,min,323.167,37.7061,174.87610619469027,188.0
681,Saturday,2023-03-25,Walking,10.95061813791593,min,66.6081,21.5977,128.52380952380952,145.0
682,Saturday,2023-03-25,Walking,37.69507708549499,min,164.295,73.7385,106.99270072992701,144.0
683,Monday,2023-03-27,TraditionalStrengthTraining,50.02940253416697,min,575.854,98.225,135.9625212947189,176.0
684,Monday,2023-03-27,Walking,15.18216784993808,min,176.028,30.3823,139.18994413407822,167.0
685,Thursday,2023-03-30,TraditionalStrengthTraining,56.8131159166495,min,673.122,113.293,139.39150943396226,180.0
686,Thursday,2023-03-30,Walking,24.15283689896266,min,377.105,48.28,174.2,192.0
687,Friday,2023-03-31,TraditionalStrengthTraining,83.99922913312912,min,826.746,166.243,130.03648068669528,183.0
688,Monday,2023-04-03,TraditionalStrengthTraining,44.39954424897829,min,426.814,87.9348,128.0060606060606,171.0
689,Monday,2023-04-03,Walking,23.19984471599261,min,364.806,46.41,177.3884892086331,196.0
690,Tuesday,2023-04-04,TraditionalStrengthTraining,62.5673058172067,min,405.764,122.818,108.42410714285714,142.0
691,Saturday,2023-04-08,TraditionalStrengthTraining,83.0166710337003,min,591.954,165.15,113.02043010752688,168.0
692,Saturday,2023-04-08,Walking,12.44662405649821,min,74.5934,24.5078,119.34848484848484,133.0
693,Monday,2023-04-10,TraditionalStrengthTraining,52.45307855010033,min,528.973,103.642,130.10443037974684,180.0
694,Monday,2023-04-10,Walking,12.11994515061378,min,172.422,24.2621,167.02739726027397,191.0
695,Wednesday,2023-04-12,TraditionalStrengthTraining,72.61150190035502,min,757.768,144.655,132.50629722921914,179.0
696,Monday,2023-04-17,TraditionalStrengthTraining,78.6501247326533,min,971.297,154.841,145.96224379719524,190.0
697,Sunday,2023-04-23,Walking,23.9725782652696,min,88.3966,47.6821,91.62068965517241,103.0
698,Monday,2023-04-24,Walking,45.56630918184916,min,210.684,91.0072,96.01094890510949,115.0
699,Thursday,2023-04-27,Walking,67.7259164830049,min,252.253,135.254,109.22142857142858,123.0
700,Sunday,2023-04-30,Walking,28.69510813355446,min,67.361,56.1633,77.00617283950618,114.0
701,Saturday,2023-05-06,Walking,18.52534718116124,min,80.6139,36.1361,111.10752688172043,128.0
702,Saturday,2023-05-06,Walking,15.14169357617696,min,70.107,29.6128,99.58181818181818,112.0
703,Monday,2023-05-08,Walking,18.81593595941861,min,102.281,37.1664,130.58955223880596,179.0
704,Monday,2023-05-08,TraditionalStrengthTraining,84.12879421710969,min,885.625,167.189,133.5067920585162,180.0
705,Monday,2023-05-08,Walking,22.11129960020383,min,320.355,44.2676,164.21804511278197,190.0
706,Monday,2023-05-08,Walking,19.05702903270721,min,113.568,38.0536,125.83259911894272,149.0
707,Tuesday,2023-05-09,Walking,18.54627571900686,min,92.7574,36.2035,112.77272727272727,148.0
708,Tuesday,2023-05-09,TraditionalStrengthTraining,63.8123974998792,min,584.486,126.524,124.04491017964072,169.0
709,Tuesday,2023-05-09,StairClimbing,6.496830483277638,min,102.442,12.7837,170.7051282051282,189.0
710,Tuesday,2023-05-09,Walking,15.96448428233465,min,114.361,31.8783,128.8238341968912,150.0
711,Wednesday,2023-05-10,TraditionalStrengthTraining,59.50969593524933,min,437.243,114.74,112.03857142857143,163.0
712,Thursday,2023-05-11,Walking,16.88501063386599,min,96.6064,33.4146,133.53097345132744,174.0
713,Friday,2023-05-12,Walking,14.93740974664688,min,81.2297,29.733,114.0,127.0
714,Monday,2023-05-15,Walking,11.93052289883296,min,68.6515,23.7545,112.38983050847457,127.0
715,Monday,2023-05-15,TraditionalStrengthTraining,71.89775638182958,min,629.592,143.824,119.82661782661782,165.0
716,Monday,2023-05-15,StairClimbing,14.06304505070051,min,246.38,28.0628,178.1656804733728,188.0
717,Monday,2023-05-15,Rowing,5.08036425113678,min,46.3147,10.0475,172.83870967741936,188.0
718,Tuesday,2023-05-16,TraditionalStrengthTraining,56.70295423269272,min,551.355,113.126,127.69983416252073,179.0
719,Wednesday,2023-05-17,TraditionalStrengthTraining,46.3666469335556,min,411.932,92.3404,117.29087452471482,184.0
720,Wednesday,2023-05-17,StairClimbing,8.554349617163341,min,145.786,16.9874,174.96116504854368,192.0
721,Wednesday,2023-05-17,Walking,8.302553999423981,min,118.168,16.4955,156.93,172.0
722,Friday,2023-05-19,Walking,13.59169450799624,min,75.8857,26.9843,129.1315789473684,162.0
723,Monday,2023-05-22,Walking,6.545621015628179,min,80.4432,13.5833,161.57971014492753,185.0
724,Monday,2023-05-22,TraditionalStrengthTraining,122.0098109165827,min,1478.82,243.832,138.00397088021177,185.0
725,Tuesday,2023-05-23,TraditionalStrengthTraining,111.3205211321513,min,1135.89,220.224,129.98294573643412,169.0
726,Wednesday,2023-05-24,Walking,5.007556001345317,min,56.154,9.945,140.85454545454544,178.0
727,Wednesday,2023-05-24,TraditionalStrengthTraining,53.04919706781705,min,586.413,104.758,134.75042444821733,185.0
728,Wednesday,2023-05-24,Walking,12.54648610154788,min,202.011,25.5151,172.03424657534248,193.0
729,Wednesday,2023-05-24,Walking,22.32943346699079,min,104.782,44.578,126.89513108614233,172.0
730,Wednesday,2023-05-24,Walking,8.262064816554387,min,67.948,16.4223,145.65,178.0
731,Friday,2023-05-26,Walking,10.7286176721255,min,75.6694,21.0886,121.67441860465117,161.0
732,Friday,2023-05-26,Walking,13.43952193458875,min,82.2937,26.3406,117.7605633802817,150.0
733,Friday,2023-05-26,Walking,14.56487386226654,min,68.358,29.0236,102.20224719101124,127.0
734,Friday,2023-05-26,TraditionalStrengthTraining,57.86035774946212,min,465.446,115.141,117.24537037037037,154.0
735,Friday,2023-05-26,StairClimbing,16.16650003393491,min,247.908,32.2,160.3556701030928,177.0
736,Friday,2023-05-26,Walking,16.64205803871155,min,91.2418,32.623,141.1346153846154,169.0
737,Sunday,2023-05-28,Walking,16.80402057965597,min,74.4893,33.253,92.99152542372882,118.0
738,Tuesday,2023-05-30,Walking,10.43062393267949,min,75.2008,20.8502,115.016,129.0
739,Tuesday,2023-05-30,Walking,3.368223383029302,min,37.556,6.463,134.8780487804878,180.0
740,Tuesday,2023-05-30,TraditionalStrengthTraining,56.5689366499583,min,605.856,113.199,130.5474006116208,177.0
741,Tuesday,2023-05-30,Walking,3.209579433997472,min,41.45,6.28816,135.625,167.0
742,Tuesday,2023-05-30,StairClimbing,10.91336609919866,min,182.341,21.687,171.51908396946564,191.0
743,Tuesday,2023-05-30,Walking,10.00411333243052,min,68.2115,20.0688,132.02479338842974,166.0
744,Wednesday,2023-05-31,Walking,9.936201349894207,min,81.4872,19.7393,128.33898305084745,159.0
745,Wednesday,2023-05-31,TraditionalStrengthTraining,60.61291799942652,min,601.783,121.305,127.77313432835821,181.0
746,Wednesday,2023-05-31,Walking,3.760878700017929,min,58.265,7.48,169.91489361702128,189.0
747,Wednesday,2023-05-31,StairClimbing,7.484580200910568,min,130.99,14.8158,179.22471910112358,191.0
748,Wednesday,2023-05-31,Walking,17.31576870083809,min,115.416,34.3728,130.2216748768473,167.0
749,Wednesday,2023-05-31,Walking,11.00102269848188,min,71.6059,21.8247,118.13533834586467,150.0
750,Wednesday,2023-05-31,TraditionalStrengthTraining,56.11407905022303,min,424.11,111.98,117.83925811437403,167.0
751,Wednesday,2023-05-31,Walking,5.422618500391642,min,89.1127,10.8795,173.42424242424244,189.0
752,Wednesday,2023-05-31,StairClimbing,7.293793900807699,min,132.936,14.5229,184.1931818181818,193.0
753,Wednesday,2023-05-31,Walking,14.82468913793564,min,82.4518,28.6888,134.48936170212767,160.0
754,Thursday,2023-06-01,Walking,11.37105156580607,min,73.8031,22.476,102.97826086956522,122.0
755,Thursday,2023-06-01,Walking,8.221927450100582,min,50.4217,16.0735,114.51020408163265,139.0
756,Friday,2023-06-02,Walking,12.59807851513227,min,81.8312,24.8984,116.40789473684211,148.0
757,Friday,2023-06-02,Walking,3.04206713438034,min,30.622,5.78,139.8235294117647,173.0
758,Friday,2023-06-02,TraditionalStrengthTraining,47.14873981674512,min,389.005,94.1513,118.81331168831169,165.0
759,Friday,2023-06-02,Walking,17.20719906687737,min,115.874,34.4224,118.74271844660194,167.0
760,Friday,2023-06-02,Walking,17.13332795898119,min,84.3758,33.5429,107.23404255319149,125.0
761,Saturday,2023-06-03,Walking,45.28516153295835,min,230.721,90.4391,98.18566176470588,146.0
762,Sunday,2023-06-04,Walking,73.49667393366495,min,236.334,146.965,97.58997722095673,125.0
763,Monday,2023-06-05,Walking,15.39940145015717,min,99.2295,30.551,102.21505376344086,149.0
764,Monday,2023-06-05,Running,3.504660316308339,min,35.444,6.81918,130.89473684210526,172.0
765,Monday,2023-06-05,TraditionalStrengthTraining,60.90061476826668,min,480.386,121.295,118.6268656716418,170.0
766,Monday,2023-06-05,StairClimbing,3.675260682900747,min,52.833,7.21218,153.5581395348837,172.0
767,Monday,2023-06-05,Walking,9.94136861761411,min,64.024,19.8158,111.1,148.0
768,Tuesday,2023-06-06,Walking,12.43873950044314,min,78.2969,24.7393,99.78666666666666,121.0
769,Tuesday,2023-06-06,TraditionalStrengthTraining,65.72575311660766,min,541.457,131.141,115.82352941176471,165.0
770,Tuesday,2023-06-06,Running,3.18073401649793,min,36.9714,6.46742,141.69230769230768,175.0
771,Tuesday,2023-06-06,Running,3.964772550264994,min,57.805,7.95664,159.27083333333334,180.0
772,Tuesday,2023-06-06,StairClimbing,6.794153898954391,min,113.013,13.5254,168.62025316455697,187.0
773,Tuesday,2023-06-06,Walking,13.67621843218803,min,93.7864,27.336,124.0909090909091,159.0
774,Wednesday,2023-06-07,Walking,20.41362070043882,min,97.941,40.5753,109.85306122448979,154.0
775,Wednesday,2023-06-07,TraditionalStrengthTraining,85.26941933433214,min,711.305,168.559,118.66766169154229,185.0
776,Wednesday,2023-06-07,Walking,7.594902749856313,min,113.232,15.1677,157.87912087912088,184.0
777,Wednesday,2023-06-07,StairClimbing,6.581436848640442,min,109.594,13.0203,168.56962025316454,187.0
778,Wednesday,2023-06-07,Walking,21.42486423254013,min,117.06,42.7583,115.744,158.0
779,Wednesday,2023-06-07,Walking,12.3895909011364,min,73.9864,24.6546,117.6917808219178,147.0
780,Thursday,2023-06-08,Walking,15.35300274888674,min,76.5104,30.6199,109.2896174863388,131.0
781,Thursday,2023-06-08,TraditionalStrengthTraining,83.04399486780167,min,715.385,166.047,121.72228088701162,168.0
782,Thursday,2023-06-08,Walking,3.639871150255203,min,51.2687,7.38835,156.97727272727272,180.0
783,Thursday,2023-06-08,StairClimbing,6.755822432041168,min,120.97,13.414,179.23456790123456,188.0
784,Thursday,2023-06-08,Walking,6.101824017365773,min,83.563,12.1001,150.93150684931507,164.0
785,Thursday,2023-06-08,Walking,19.60988710125287,min,116.041,39.2326,122.85106382978724,165.0
786,Thursday,2023-06-08,Walking,11.70549549857775,min,56.0062,23.1243,133.34751773049646,169.0
787,Friday,2023-06-09,Walking,11.01142846743266,min,76.182,21.9117,120.73684210526316,157.0
788,Friday,2023-06-09,Walking,12.43285968502363,min,81.5481,24.7735,118.3076923076923,153.0
789,Sunday,2023-06-11,TraditionalStrengthTraining,73.508016816775,min,436.317,146.729,102.59176470588235,153.0
790,Sunday,2023-06-11,Walking,5.156078551212946,min,84.6607,10.2601,166.9016393442623,186.0
791,Sunday,2023-06-11,FunctionalStrengthTraining,11.32160690029462,min,81.5845,22.5823,112.37795275590551,145.0
